,method-balance,optimal-depth,pre@recall50
7,tsne-2,6,0.8969072164948454
11,cosine-,2,0.8934426229508197
6,tsne-1,3,0.8803418803418803
9,rbf-,7,0.864
5,pca-15,4,0.8602150537634409
10,poly-,4,0.8309859154929577
0,variance-threshold,8,0.823943661971831
3,pca-9,3,0.82
1,pca-2,3,0.8141592920353983
2,pca-7,3,0.8118811881188119
4,pca-10,3,0.8118811881188119
8,tsne-3,3,0.7545454545454545
