method-balance,optimal-depth,pre@recall50
tsne-2,6,0.896907216
cosine-,2,0.893442623
tsne-1,3,0.88034188
rbf-,7,0.864
pca-15,4,0.860215054
poly-,4,0.830985915
variance-threshold,8,0.823943662
pca-9,3,0.82
pca-2,3,0.814159292
pca-7,3,0.811881188
pca-10,3,0.811881188
tsne-3,3,0.754545455
